"Name","Display Name","Description","Color","Priority","Is Available for Purchase"
"Ukrainian Brand","Український Бренд","","#57E37E","0","TRUE"
"Withdrawal","Тимчасово Призупинено","","#57E37E","1","TRUE"
"Suspension","Скорочення Бізнесу","","#ECBA38","2","TRUE"
"Scaling back","Призупинення Інвестицій","","#ECBA38","3","TRUE"
"Buying Time","Тягнуть Час","","#ECBA38","4","FALSE"
"Digging In","Працюють у Країні Агресора","","#E74949","5","FALSE"
"Russian Brand","Російський Бренд","","#E74949","6","FALSE"