"Product Name","Brand Name","Image Url",""
"","Accenture","","1"
"Acronis Cyber Protect Home Office","Acronis","","1"
"Acronis Disk Director","Acronis","","1"
"Acronis True Image","Acronis","","1"
"Acronis Cyber Protect","Acronis","","1"
"Acronis Cyber Protect Cloud","Acronis","","1"
"Acronis Files Connect","Acronis","","1"
"Acronis VSS Doctor","Acronis","","1"
"Acronis Cyber Disaster Recovery","Acronis","","1"
"Acronis MassTransit","Acronis","","1"
"Acronis SnapDeploy","Acronis","","1"
"Activision","Activision Blizzard","","1"
"Blizzard Entertainment","Activision Blizzard","","1"
"King","Activision Blizzard","","1"
"Major League Gaming","Activision Blizzard","","1"
"Activision Blizzard","Activision Blizzard","","1"
"Consumer Products Group","Activision Blizzard","","1"
"Activision Blizzard Studios","Activision Blizzard","","1"
"","Adenza","","1"
"","AECOM","","1"
"","AerCap","","1"
"","Airbnb","","1"
"","Alaska Airlines","","1"
"","Alcoa","","1"
"Hofer KG","Aldi","","1"
"Leader Price Exploitation","Aldi","","1"
"","American Airlines","","1"
"","Asda","","1"
"","Asian Infrastructure Investment Bank","","1"
"","Asos","","1"
"","Autodesk","","1"
"","Avery Dennison","","1"
"","Avid","","1"
"","Baker Botts","","1"
"","BCG","","1"
"","BlackRock","","1"
"","Bolt","","1"
"Burton","Boohoo Group","","1"
"Dorothy Perkins","Boohoo Group","","1"
"Warehouse","Boohoo Group","","1"
"Oasis","Boohoo Group","","1"
"Karen Millen","Boohoo Group","","1"
"Coast","Boohoo Group","","1"
"Wallis","Boohoo Group","","1"
"Debenhams.com","Boohoo Group","","1"
"","Booking","","1"
"Amoco","BP","","1"
"Aral","BP","","1"
"ARCO","BP","","1"
"BP","BP","","1"
"Castrol","BP","","1"
"BP Connect","BP","","1"
"Vuse","British American Tobacco","","1"
"Glo","British American Tobacco","","1"
"Velo","British American Tobacco","","1"
"Grizzly","British American Tobacco","","1"
"Dunhill","British American Tobacco","","1"
"Kent","British American Tobacco","","1"
"Lucky Strike","British American Tobacco","","1"
"Pall Mall","British American Tobacco","","1"
"Rothmans","British American Tobacco","","1"
"Camel","British American Tobacco","","1"
"Natural American Spirit","British American Tobacco","","1"
"Newport","British American Tobacco","","1"
"Old Forester","Brown-Forman","","1"
"Woodford Reserve","Brown-Forman","","1"
"Jack Daniel's","Brown-Forman","","1"
"BenRiach","Brown-Forman","","1"
"GlenDronach","Brown-Forman","","1"
"Glenglassaugh","Brown-Forman","","1"
"Slane Irish Whiskey","Brown-Forman","","1"
"Coopers Craft","Brown-Forman","","1"
"Herradura","Brown-Forman","","1"
"El Jimador","Brown-Forman","","1"
"Pepe Lopez","Brown-Forman","","1"
"Finlandia","Brown-Forman","","1"
"Fords Gin","Brown-Forman","","1"
"Chambord ","Brown-Forman","","1"
"Korbel","Brown-Forman","","1"
"Sonoma-Cutrer Wines","Brown-Forman","","1"
"","Bryan Cave","","1"
"","Bumble","","1"
"","Carnival","","1"
"","Centrica","","1"
"","Clarivate","","1"
"","Clifford Chance","","1"
"","Coupa","","1"
"","Coursera","","1"
"","Crocs","","1"
"","Daimler","","1"
"","DB Schenker","","1"
"","Dechert","","1"
"","Deezer","","1"
"","Deloitte","","1"
"","Delta Air Lines","","1"
"Fetch","Dentsu International","","1"
"360i","Dentsu International","","1"
"AMNET","Dentsu International","","1"
"BJL","Dentsu International","","1"
"Carat","Dentsu International","","1"
"Cardinal Path","Dentsu International","","1"
"Gravity","Dentsu International","","1"
"Grip Limited","Dentsu International","","1"
"gyro","Dentsu International","","1"
"dentsu X","Dentsu International","","1"
"eCommera","Dentsu International","","1"
"ICUC","Dentsu International","","1"
"iProspect","Dentsu International","","1"
"Isobar","Dentsu International","","1"
"dentsu mcgarrybowen","Dentsu International","","1"
"Merkle","Dentsu International","","1"
"Fountainhead MKTG","Dentsu International","","1"
"Webchutney","Dentsu International","","1"
"Story Lab","Dentsu International","","1"
"Vizeum","Dentsu International","","1"
"Amplifi","Dentsu International","","1"
"Posterscope","Dentsu International","","1"
"Molina Medicaid Solutions","DXC Technology","","1"
"Luxoft (83%)","DXC Technology","","1"
"","EarthDaily Analytics","","1"
"Auction Co","eBay","","1"
"iBazar","eBay","","1"
"G-Market,","eBay","","1"
"Blue Sky Studios","eBay","","1"
"Qoo10.jp","eBay","","1"
"Half.com","eBay","","1"
"","Electronic Arts","","1"
"Eni Gas & Power","Eni","","1"
"Saipem","Eni","","1"
"Eni Rewind","Eni","","1"
"EniProgetti","Eni","","1"
"Versalis","Eni","","1"
"","EPAM","","1"
"","Equinor","","1"
"ArcGIS","Esri","","1"
"ArcGIS Desktop","Esri","","1"
"ArcGIS Enterprise","Esri","","1"
"ArcGIS Online","Esri","","1"
"","Eurovision","","1"
"","Eversheds Sutherland","","1"
"BedandBreakfast.com","Expedia","","1"
"CarRentals.com","Expedia","","1"
"CheapTickets","Expedia","","1"
"Classic Vacations","Expedia","","1"
"Ebookers","Expedia","","1"
"Egencia","Expedia","","1"
"Expedia.com","Expedia","","1"
"Expedia Affiliate Network","Expedia","","1"
"Expedia Local Expert","Expedia","","1"
"Expedia CruiseShipCenters","Expedia","","1"
"Expedia Global Partner Solutions","Expedia","","1"
"HomeAway","Expedia","","1"
"Hotels.com","Expedia","","1"
"Hotwire Group","Expedia","","1"
"Orbitz","Expedia","","1"
"Travelocity","Expedia","","1"
"trivago","Expedia","","1"
"Venere.com","Expedia","","1"
"wotif","Expedia","","1"
"ALICE","Expedia","","1"
"Esso","Exxon","","1"
"","EY","","1"
"Browns","Farfetch","","1"
"Stadium Goods","Farfetch","","1"
"New Guards Group","Farfetch","","1"
"","Fazer","","1"
"","Ferragamo","","1"
"AFC","FIFA","","1"
"CAF","FIFA","","1"
"CONCACAF","FIFA","","1"
"CONMEBOL","FIFA","","1"
"OFC","FIFA","","1"
"UEFA","FIFA","","1"
"","Fitch","",""
"","Formula One","","1"
"Fortinet Security Fabric","Fortinet","","1"
"FortiGate UTM","Fortinet","","1"
"FortiGate enterprise","Fortinet","","1"
"FortiGate carrier","Fortinet","","1"
"FortiWeb","Fortinet","","1"
"FortiSIEM","Fortinet","","1"
"FortiSandbox","Fortinet","","1"
"FortiClient","Fortinet","","1"
"FortiManager","Fortinet","","1"
"FortiAnalyzer","Fortinet","","1"
"","Freshfields","",""
"","Geodis","",""
"","Global Foundries","",""
"","Grainpro","",""
"","Grammarly","","1"
"","Grant Thornton","","1"
"","Herbert Smith","","1"
"","Hogan Lovells","","1"
"Bank ICBC Indonesia","ICBC","","1"
"ICBC Turkey Bank","ICBC","","1"
"Industrial and Commercial Bank of China (Macau)","ICBC","","1"
"Industrial and Commercial Bank of China (Asia)","ICBC","","1"
"","Intercontinental Exchange","","1"
"","International Boxing Federation","","1"
"","International Cat Federation","","1"
"","International Cycling Union","","1"
"","International Ice Hockey Federation","","1"
"","International Skating Union","","1"
"","International Tennis Federation","","1"
"","International Weightlifting Federation","","1"
"","Interpublic Group","",""
"","IOC","",""
"Sainsbury's Supermarkets Ltd","J Sainsbury","","1"
"Sainsbury's Local","J Sainsbury","","1"
"Sainsbury's Bank","J Sainsbury","","1"
"","Knight Frank","",""
"","Korean Air Lines","","1"
"","KPMG","",""
"","Kuehne + Nagel AG","","1"
"","Latham & Watkins","","1"
"","Linklaters","","1"
"Roc Nation","Live Nation Entertainment","","1"
"Ticketmaster","Live Nation Entertainment","","1"
"Live Nation Concerts","Live Nation Entertainment","","1"
"Front Line Management Group","Live Nation Entertainment","","1"
"Live Nation Network","Live Nation Entertainment","","1"
"C3 Presents","Live Nation Entertainment","","1"
"AC Entertainment","Live Nation Entertainment","","1"
"Live Nation Merchandise","Live Nation Entertainment","","1"
"Refinitiv","London Stock Exchange Group","","1"
"FTSE Russell","London Stock Exchange Group","","1"
"Marsh","Marsh McLennan","","1"
"Guy Carpenter","Marsh McLennan","","1"
"Mercer","Marsh McLennan","","1"
"Oliver Wyman","Marsh McLennan","","1"
"","McKinsey","","1"
"","Monroe Energy","","1"
"Moody's Analytics","Moody's","","1"
"Moody's Investors Service","Moody's","","1"
"","Morgan Lewis","","1"
"","Morrisons","","1"
"","MSC","",""
"","MSCI","",""
"","Nasdaq","",""
"","Netflix","","1"
"","Netscout","",""
"","New Development Bank","","1"
"","Norton Rose Fulbright","",""
"","Norwegian Cruise Lines","",""
"","Oceana Cruises","",""
"","Omnicom Media Group","",""
"","OMV","",""
"","OneWeb","",""
"","Par Pacific","","1"
"Poco Loco","Paulig","","1"
"Gold&Green","Paulig","","1"
"Risenta","Paulig","","1"
"Santa Maria","Paulig","","1"
"Paulig","Paulig","","1"
"","Publicis Group","",""
"","PwC","",""
"","R&A","","1"
"","Radio Free Europe","","1"
"","Regent Seven Seas Cruises","","1"
"Dynastrom","Roku","","1"
"The Roku Channel","Roku","","1"
"","Rolex","","1"
"","S&P","","1"
"Sabre GDS","Sabre","","1"
"TripCase","Sabre","","1"
"GetThere","Sabre","","1"
"Sabre Travel Solutions","Sabre","","1"
"Sabre Hospitality Solutions","Sabre","","1"
"","Savills","","1"
"","Shell","","1"
"Sterling Jewelers","Signet Jewelers","","1"
"Zale Corporation","Signet Jewelers","","1"
"","Spotify","","1"
"","Squire Patton Boggs","","1"
"","Stanley Black & Decker","","1"
"","State Street","","1"
"","Swarovski","","1"
"2K","Take-Two Interactive","","1"
"Dynamixyz","Take-Two Interactive","","1"
"Ghost Story Games","Take-Two Interactive","","1"
"NBA 2K League (50%)","Take-Two Interactive","","1"
"Nordeus","Take-Two Interactive","","1"
"Playdots","Take-Two Interactive","","1"
"Private Division","Take-Two Interactive","","1"
"Rockstar Games","Take-Two Interactive","","1"
"Socialpoint","Take-Two Interactive","","1"
"","TJ Maxx","","1"
"","TripAdvisor","","1"
"Uber","Uber","","1"
"Car Next Door","Uber","","1"
"Cornershop","Uber","","1"
"Drizly","Uber","","1"
"Postmates","Uber","","1"
"Uber Eats","Uber","","1"
"Careem","Uber","","1"
"","UEFA","","1"
"Unipro","Uniper SE","","1"
"","United Airlines","",""
"","Upwork","","1"
"","Vanguard","","1"
"","Waitrose","","1"
"","WeWork","",""
"","White & Case","",""
"","Winston & Strawn","",""
"","Wintershall Dea AG","","1"
"","Women's Tennis Association","","1"
"","World Athletics Council","","1"
"","World Boxing Association","","1"
"","World Boxing Council","","1"
"","World Boxing Organization","","1"
"","World Federation of Exchanges","","1"
"","World Rowing Federation","","1"
"","World Rugby Union","","1"
"AKQA","WPP PLC","","1"
"BCW","WPP PLC","","1"
"Essence Global","WPP PLC","","1"
"Grey","WPP PLC","","1"
"Hill+Knowlton Strategies","WPP PLC","","1"
"Mindshare","WPP PLC","","1"
"Ogilvy","WPP PLC","","1"
"Wavemaker","WPP PLC","","1"
"UWG Inc.","WPP PLC","","1"
"Wunderman Thompson","WPP PLC","","1"
"VMLY&R","WPP PLC","","1"
"Tapout (50%)","WWE","","1"
"Alpha Entertainment","WWE","","1"
"TSI Realty Company","WWE","","1"
"WCW Inc.","WWE","","1"
"YOOX","YOOX","","1"
"Mr. Porter","YOOX","","1"
"Yoox","YOOX","","1"
"The Outnet","YOOX","","1"
"","3M","","1"
"","Abrdn","",""
"Adidas","Adidas","","1"
"Adicolor","Adidas","","1"
"Adidas 1","Adidas","","1"
"Adidas Parley","Adidas","","1"
"Ashworth (clothing)","Adidas","","1"
"CCM (ice hockey)","Adidas","","1"
"Adidas Etrusco Unico","Adidas","","1"
"Adidas Originals","Adidas","","1"
"Adidas Predator","Adidas","","1"
"Adidas Samba","Adidas","","1"
"Adidas Stan Smith","Adidas","","1"
"Adidas Superstar","Adidas","","1"
"Adidas Ultraboost","Adidas","","1"
"Adobe Acrobat Connect","Adobe","","1"
"Adobe Acrobat","Adobe","","1"
"Adobe After Effects","Adobe","","1"
"Adobe Animate","Adobe","","1"
"Adobe Audition","Adobe","","1"
"Adobe Bridge","Adobe","","1"
"Adobe Character Animator en","Adobe","","1"
"Adobe Contribute","Adobe","","1"
"Adobe Device Central en","Adobe","","1"
"Adobe Dreamweaver","Adobe","","1"
"Adobe Dynamic Link","Adobe","","1"
"Adobe Edge","Adobe","","1"
"Adobe Encore","Adobe","","1"
"Adobe Experience Design","Adobe","","1"
"Adobe ExtendScript Toolkit","Adobe","","1"
"Adobe Fireworks","Adobe","","1"
"Adobe Flash Builder","Adobe","","1"
"Adobe Flash","Adobe","","1"
"Adobe Illustrator","Adobe","","1"
"Adobe InCopy","Adobe","","1"
"Adobe InDesign","Adobe","","1"
"Adobe Muse","Adobe","","1"
"Adobe OnLocation (бывший DV Rack)","Adobe","","1"
"Adobe Photoshop","Adobe","","1"
"Adobe Prelude","Adobe","","1"
"Adobe Premiere Pro","Adobe","","1"
"Adobe Speedgrade","Adobe","","1"
"Adobe Stock Photos","Adobe","","1"
"Adobe Ultra","Adobe","","1"
"Adobe Version Cue","Adobe","","1"
"","ADP","",""
"","Airbus","",""
"","Akamai","",""
"","Akin Gump","",""
"Android","Alphabet","","1"
"AdSense","Alphabet","","1"
"Analytics","Alphabet","","1"
"Ara","Alphabet","","1"
"AdMob","Alphabet","","1"
"Alerts","Alphabet","","1"
"Blogger","Alphabet","","1"
"Boston Dynamics","Alphabet","","1"
"Books","Alphabet","","1"
"Calico","Alphabet","","1"
"Cardboard","Alphabet","","1"
"Capital","Alphabet","","1"
"Drive","Alphabet","","1"
"DeepMind","Alphabet","","1"
"Design","Alphabet","","1"
"DoubleClick","Alphabet","","1"
"Earth","Alphabet","","1"
"Express","Alphabet","","1"
"Fiber","Alphabet","","1"
"Fi","Alphabet","","1"
"Flights","Alphabet","","1"
"FeedBurner","Alphabet","","1"
"Firebase","Alphabet","","1"
"Finance","Alphabet","","1"
"Google","Alphabet","","1"
"Gmail","Alphabet","","1"
"Glass","Alphabet","","1"
"Groups","Alphabet","","1"
"Hangouts","Alphabet","","1"
"Images","Alphabet","","1"
"Ingress","Alphabet","","1"
"Inbox","Alphabet","","1"
"Invite Media","Alphabet","","1"
"Jump","Alphabet","","1"
"Keep","Alphabet","","1"
"Life Sciences","Alphabet","","1"
"Local","Alphabet","","1"
"Loon","Alphabet","","1"
"Maps","Alphabet","","1"
"My Business","Alphabet","","1"
"Makani","Alphabet","","1"
"Nest","Alphabet","","1"
"News","Alphabet","","1"
"Nexus","Alphabet","","1"
"Now","Alphabet","","1"
"Offers","Alphabet","","1"
"Plus","Alphabet","","1"
"Play","Alphabet","","1"
"Photos","Alphabet","","1"
"Picasa","Alphabet","","1"
"Pixate","Alphabet","","1"
"Patents","Alphabet","","1"
"Refine","Alphabet","","1"
"reCaptcha","Alphabet","","1"
"Search","Alphabet","","1"
"Shopping","Alphabet","","1"
"SageTV","Alphabet","","1"
"Stackdriver","Alphabet","","1"
"Skybox","Alphabet","","1"
"Skia","Alphabet","","1"
"Scholar","Alphabet","","1"
"Translate","Alphabet","","1"
"Tango","Alphabet","","1"
"Voice","Alphabet","","1"
"Ventures","Alphabet","","1"
"VirusTotal","Alphabet","","1"
"Video","Alphabet","","1"
"Wallet","Alphabet","","1"
"Wing","Alphabet","","1"
"X Labs","Alphabet","","1"
"YouTube","Alphabet","","1"
"Project Z","Alphabet","","1"
"Zagat","Alphabet","","1"
"","Alstom","",""
"Rivet","","",""
"Stone & Beam","","",""
"Amazon Basics","","",""
"Ravenna Home","","",""
"Pinzon","","",""
"Goodthreads","","",""
"","Payoneer","",""
"","Paypal","",""
"","Prada","",""
"","Preem AB","",""
"","Puma","",""
"","PVH","",""
"","Qualcomm","",""
"","Rabobank","",""
"","Raytheon","",""
"","Remitly Global","",""
"","Richemont","",""
"","Ricoh","",""
"","Rockwell Automation","",""
"","Rolls Royce","",""
"","Salesforce","",""
"","Samsonite International","",""
"","Samsung","",""
"","Sandvik","",""
"","SAP","",""
"","Scandinavian Tobacco","",""
"","Scania","",""
"","Skoda","",""
"","Snap","",""
"","SonoSim","",""
"","Sony","",""
"","Starbucks","",""
"","Stellantis","",""
"","Subaru","",""
"","Swatch","",""
"","Sylvamo","",""
"","TikTok","",""
"","Timken","",""
"","Toyota","",""
"","Trimble","",""
"","TSMC","",""
"","Twitter","",""
"","Under Armour","",""
"","Uniqlo/Fast Retailing","",""
"","Universal","",""
"","UPS","",""
"","Valero Energy","",""
"","Valio","",""
"","Visa","",""
"","Viva Energy","",""
"","VMWare","",""
"","Volkswagen","",""
"","Volvo","",""
"","WarnerMedia","",""
"","Western Union","",""
"","Wise PLC","",""
"","Xerox","",""
"","YouTube","",""
"","Abbott Labs","",""
"","Abbvie","",""
"","ADM","",""
"","Air Liquide","",""
"","Allen & Overy","",""
"","Allianz","",""
"","Amadeus IT Group","",""
"","AmerisourceBergen","",""
"","Arconic","",""
"","Authentic Brands Group - Reebok","",""
"","Bacardi","",""
"","Baker McKenzie","",""
"","Baker Tilly","",""
"","BASF SE","",""
"","BNP Paribas","",""
"","Bosch","",""
"","Bunge","",""
"","Cargill","",""
"","Carlsberg","",""
"","Coinbase","",""
"","Colgate-Palmolive","",""
"","Coty","",""
"","Credit Suisse","",""
"","Cummins","",""
"","Danone","",""
"","Deere","",""
"","Dentons","",""
"","DLA Piper","",""
"","Dow","",""
"","Dunkin Donuts","",""
"","Fieldfisher","",""
"","Focus Brands - Cinnabon","",""
"","GE","",""
"","General Mills","",""
"","GlaxoSmithKline","",""
"","Goldman Sachs","",""
"","Henkel","",""
"","Hilton","",""
"","Hines","",""
"","HSBC","",""
"","Hyatt","",""
"","ING NV","",""
"","Intercontinental Hotels","",""
"","Japan Tobacco","",""
"","Johnson & Johnson","",""
"","JPMorgan","",""
"","Kearney","",""
"","Kellogg","",""
"","Kimberly-Clark","",""
"","Kraft Heinz - JBS","",""
"","Lamb Weston","",""
"","Linde","",""
"","Marriott","",""
"","Mars","",""
"","Merck","",""
"","Michelin Tire","",""
"","Mohawk Industries","",""
"","Mondelez - Nabisco","",""
"Nescafe","Nestle","",""
"Nesquik","Nestle","",""
"Світоч","Nestle","",""
"Purina","Nestle","",""
"Торчин","Nestle","",""
"Lion","Nestle","",""
"KitKat","Nestle","",""
"Nuts","Nestle","",""
"Aero","Nestle","",""
"Coffee-Mate","Nestle","",""
"Мівіна","Nestle","",""
"Nestea","Nestle","",""
"Bistrof","Nestle","",""
"","NielsenIQ","",""
"","Nokian Tyres","",""
"","Norsk Hydro","",""
"","Otis Worldwide","",""
"","Pepsi","",""
"","Pfizer","",""
"","Philip Morris","",""
"","Pirelli","",""
"","Procter & Gamble","",""
"","Reckitt Benckiser Group","",""
"","Renault","",""
"","Rockwool","",""
"","Sanofi","",""
"","Schneider Electric","",""
"","Sidley Austin","",""
"","Siemens","",""
"","Siemens Energy AG (Independent)","",""
"","Skadden","",""
"","Societe Generale","",""
"","Thermo Fisher","",""
"","TotalEnergies","",""
"","Trafigura","",""
"","Unilever","",""
"","Whirlpool","",""
"","Yum Brands","",""
"","ZHA","",""
"","Accor","",""
"","Air Products","",""
"","AstraZeneca","",""
"","Asus","",""
"","Auchan","",""
"","Baker Hughes","",""
"","Cloudflare","",""
"","Decathlon","",""
"","Emerson Electric","",""
"","Emirates Airlines","",""
"","Glencore","",""
"","Greif","",""
"","Gruma","",""
"","Halliburton","",""
"","International Paper","",""
"","IPG Photonics","",""
"","Koch Industries","",""
"","Leroy Merlin","",""
"","LG Electronics","",""
"","Metro","",""
"","Nalco","",""
"Aesop","Natura and Company","",""
"The Body Shop","Natura and Company","",""
"Avon","Natura and Company","",""
"Natura","Natura and Company","",""
"","Oriflame Cosmetics","",""
"","Schlumberger","",""
"","Subway","",""
"","Trane Technologies","",""
"","Weatherford International","",""
"","Young Living","",""